Date,Prompt,Text
"05/14/2024","What was the best part of my day?","When I got to work on this project."
"05/14/2024","What was the best part of my day?","""Refer, Above"""
"05/14/2024","What was the best part of my day?","This is getting nowhere."
"05/14/2024","How did I see the hand of the Lord in my life today?","When I woke upo"
"05/14/2024","If I had one thing I could do over today, what would it be?","getting up"
"05/14/2024","If I had one thing I could do over today, what would it be?","ugh"
"05/14/2024","What was the strongest emotion I felt today?","Love"
"05/14/2024","What was the best part of my day?","as;ldkgj"
"05/14/2024","How did I see the hand of the Lord in my life today?",";lkj"
"05/14/2024","What was the strongest emotion I felt today?",";lkj"
"05/14/2024","What was the strongest emotion I felt today?",";lkj"
"05/14/2024","What was the strongest emotion I felt today?",";lkj"
"05/14/2024","What was the strongest emotion I felt today?","lkj"
"05/14/2024","If I had one thing I could do over today, what would it be?",";lkj"
"05/14/2024","If I had one thing I could do over today, what would it be?",";lkj"
"05/14/2024","Who was the most interesting person I interacted with today?","Myeself"
